<?xml version="1.0" encoding="UTF-8"?><metadata>
    <idinfo>
        <citation>
            <citeinfo>
                <title>TCParcels</title>
                <geoform>vector digital data</geoform>
            </citeinfo>
        </citation>
        <spdom>
            <bounding>
                <westbc>-76.696668</westbc>
                <eastbc>-76.235826</eastbc>
                <northbc>42.627424</northbc>
                <southbc>42.262325</southbc>
            </bounding>
        </spdom>
        <accconst>None</accconst>
        <useconst>None</useconst>
        <native>Esri ArcGIS 13.5.0.57366</native>
    </idinfo>
    <spdoinfo>
        <direct>Vector</direct>
        <ptvctinf>
            <sdtsterm>
                <sdtstype>GT-polygon composed of chains</sdtstype>
                <ptvctcnt>0</ptvctcnt>
            </sdtsterm>
        </ptvctinf>
    </spdoinfo>
    <eainfo>
        <detailed>
            <enttyp>
                <enttypl>TCParcels</enttypl>
            </enttyp>
            <attr>
                <attrlabl>FID</attrlabl>
                <attrdef>Internal feature number.</attrdef>
                <attrdefs>Esri</attrdefs>
                <attrdomv>
                                        
                    <udom>Sequential unique whole numbers that are automatically generated.</udom>
                                    
                </attrdomv>
            </attr>
            <attr>
                <attrlabl>Shape</attrlabl>
                <attrdef>Feature geometry.</attrdef>
                <attrdefs>Esri</attrdefs>
                <attrdomv>
                                        
                    <udom>Coordinates defining the features.</udom>
                                    
                </attrdomv>
            </attr>
            <attr>
                <attrlabl>PARCELKEY</attrlabl>
            </attr>
            <attr>
                <attrlabl>SWISPRINTK</attrlabl>
            </attr>
            <attr>
                <attrlabl>SWIS</attrlabl>
            </attr>
            <attr>
                <attrlabl>PRINTKEY</attrlabl>
            </attr>
            <attr>
                <attrlabl>MUNI</attrlabl>
            </attr>
            <attr>
                <attrlabl>CALCACRES</attrlabl>
            </attr>
            <attr>
                <attrlabl>MODIFIED</attrlabl>
            </attr>
            <attr>
                <attrlabl>TAXMAP</attrlabl>
            </attr>
            <attr>
                <attrlabl>SBL</attrlabl>
            </attr>
            <attr>
                <attrlabl>TAXID</attrlabl>
            </attr>
            <attr>
                <attrlabl>OWNER1</attrlabl>
            </attr>
            <attr>
                <attrlabl>OWNER2</attrlabl>
            </attr>
            <attr>
                <attrlabl>OWNERS</attrlabl>
            </attr>
            <attr>
                <attrlabl>MAILING</attrlabl>
            </attr>
            <attr>
                <attrlabl>MAIL_1ADDR</attrlabl>
            </attr>
            <attr>
                <attrlabl>MAIL_2ADDR</attrlabl>
            </attr>
            <attr>
                <attrlabl>MAIL_CITY</attrlabl>
            </attr>
            <attr>
                <attrlabl>MAIL_STATE</attrlabl>
            </attr>
            <attr>
                <attrlabl>MAIL_ZIP</attrlabl>
            </attr>
            <attr>
                <attrlabl>LAND</attrlabl>
            </attr>
            <attr>
                <attrlabl>ASMT</attrlabl>
            </attr>
            <attr>
                <attrlabl>SCHOOL</attrlabl>
            </attr>
            <attr>
                <attrlabl>SCHDIST</attrlabl>
            </attr>
            <attr>
                <attrlabl>LOC</attrlabl>
            </attr>
            <attr>
                <attrlabl>LOCATION</attrlabl>
            </attr>
            <attr>
                <attrlabl>LOCADDR</attrlabl>
            </attr>
            <attr>
                <attrlabl>LOCZIP</attrlabl>
            </attr>
            <attr>
                <attrlabl>NEIGHB</attrlabl>
            </attr>
            <attr>
                <attrlabl>ZONING</attrlabl>
            </attr>
            <attr>
                <attrlabl>ROLLSECT</attrlabl>
            </attr>
            <attr>
                <attrlabl>RS</attrlabl>
            </attr>
            <attr>
                <attrlabl>Book</attrlabl>
            </attr>
            <attr>
                <attrlabl>Page</attrlabl>
            </attr>
            <attr>
                <attrlabl>FRONTAGE</attrlabl>
            </attr>
            <attr>
                <attrlabl>DEPTH</attrlabl>
            </attr>
            <attr>
                <attrlabl>ACRES</attrlabl>
            </attr>
            <attr>
                <attrlabl>PC</attrlabl>
            </attr>
            <attr>
                <attrlabl>PROPCLASS</attrlabl>
            </attr>
            <attr>
                <attrlabl>DESCRIPTIO</attrlabl>
            </attr>
            <attr>
                <attrlabl>GREAST</attrlabl>
            </attr>
            <attr>
                <attrlabl>GRNORTH</attrlabl>
            </attr>
            <attr>
                <attrlabl>WATER</attrlabl>
            </attr>
            <attr>
                <attrlabl>SEWER</attrlabl>
            </attr>
            <attr>
                <attrlabl>SWRESNAME</attrlabl>
            </attr>
            <attr>
                <attrlabl>SWRESCODE</attrlabl>
            </attr>
            <attr>
                <attrlabl>SWRESUNITS</attrlabl>
            </attr>
            <attr>
                <attrlabl>SWAPTNAME</attrlabl>
            </attr>
            <attr>
                <attrlabl>SWAPTCODE</attrlabl>
            </attr>
            <attr>
                <attrlabl>SWAPTUNITS</attrlabl>
            </attr>
            <attr>
                <attrlabl>IMATELINK</attrlabl>
            </attr>
            <attr>
                <attrlabl>IMATESTAFF</attrlabl>
            </attr>
            <attr>
                <attrlabl>ROLLYEAR</attrlabl>
            </attr>
            <attr>
                <attrlabl>PARYEAR</attrlabl>
            </attr>
            <attr>
                <attrlabl>SALE_DATE</attrlabl>
            </attr>
            <attr>
                <attrlabl>SALE_PRICE</attrlabl>
            </attr>
            <attr>
                <attrlabl>SQ_FT</attrlabl>
            </attr>
            <attr>
                <attrlabl>YR_BUILT</attrlabl>
            </attr>
            <attr>
                <attrlabl>STORIES</attrlabl>
            </attr>
            <attr>
                <attrlabl>GISNOTES</attrlabl>
            </attr>
            <attr>
                <attrlabl>Shape_Leng</attrlabl>
            </attr>
            <attr>
                <attrlabl>Shape_Area</attrlabl>
                <attrdef>Area of feature in internal units squared.</attrdef>
                <attrdefs>Esri</attrdefs>
                <attrdomv>
                                        
                    <udom>Positive real numbers that are automatically generated.</udom>
                                    
                </attrdomv>
            </attr>
        </detailed>
    </eainfo>
    <metainfo>
        <metd>20250730</metd>
        <metstdn>FGDC Content Standard for Digital Geospatial Metadata</metstdn>
        <metstdv>FGDC-STD-001-1998</metstdv>
        <mettc>local time</mettc>
    </metainfo>
</metadata>
